1.861898431811455,2.722962718765305,0.0
2.235896041521318,-2.1577206223076715,0.0
1.6928168809937492,0.9958960569292941,0.0
2.5843432035718203,3.7229260642932323,0.0
1.6890871220303305,-0.8382142338982561,0.0
2.4215230396759995,3.252335059907363,0.0
2.7837619106686433,2.3211924693188735,0.0
1.2840972899947216,1.8001661979631565,0.0
1.8741990080327595,4.443191840691675,0.0
-0.09240056325040147,3.5863232027086047,0.0
1.902202727022573,2.6626498124249136,0.0
0.714657976652562,0.3957561840908288,0.0
2.0113008990237518,3.7819338390567006,0.0
1.55430135017967,3.7853832264701524,0.0
2.9943740278273046,2.607688169595602,0.0
-0.25034497297605984,3.1744845938497885,0.0
-0.3154373777486592,3.564479144194697,0.0
1.35162724830565,0.8915639252772656,0.0
0.5519484487772894,3.3444223947062506,0.0
0.1154660516038657,1.587636942381607,0.0
2.026597000611365,1.432247367233554,0.0
-0.705271817772124,0.36672556838524395,0.0
1.8517410629991033,3.5074320615213654,0.0
0.52073461272013,3.897917033112562,0.0
3.612274761400407,1.8636593807204966,0.0
1.3522564327551727,2.5774840156655476,0.0
1.4987381701738718,1.2229804559485706,0.0
1.7943969085941185,2.5136575807388564,0.0
1.880322127122509,0.8051445586502619,0.0
1.8429151695401287,2.1767408329209457,0.0
3.173405917031717,2.6370954863155385,0.0
2.590862595873665,1.7706945343849236,0.0
1.598120794118074,3.0355450155199106,0.0
3.041430335711667,1.053215284580614,0.0
4.303831149464602,1.3669520600313136,0.0
3.8880379701609953,3.21515188817223,0.0
0.7535483536316014,3.149970436597801,0.0
4.5574877433178385,1.366487219862263,0.0
2.601768589645143,1.998617857628444,0.0
1.743006400680211,1.9176642516276439,0.0
0.49833481821842485,3.5868329632812928,0.0
0.00387978201723449,2.832077182334595,0.0
-0.22090293316316778,0.18630225356097796,0.0
1.0516732284701251,3.950294350127059,0.0
3.1064295815197416,3.0130347448590307,0.0
2.362728948123364,0.61803966990689,0.0
2.157799087562163,1.745610324246608,0.0
1.7701879720379874,2.535379171117287,0.0
2.7020797968122743,0.6441436051242024,0.0
1.769709677327656,1.332310739825404,0.0
3.940402150969536,3.083474098473293,0.0
3.1860153090319963,3.5100683938920603,0.0
0.7974034470838478,3.9603124147047257,0.0
2.0498545529598338,1.4376469850998386,0.0
2.1628728298566013,2.6559552177006482,0.0
2.8964252121799907,2.868799810483987,0.0
1.5652519124935553,3.2843575031019316,0.0
2.08796217240871,-0.893154894062862,0.0
3.960236621546515,4.41614647342052,0.0
1.02142256538016,-1.4613094817630912,0.0
2.6594984429600834,3.763763542292569,0.0
2.297800936593184,2.1567061494601543,0.0
1.0867187173571418,0.5527407145508878,0.0
1.4113461670748721,3.1302757507852936,0.0
1.5675022537932919,-0.1762959227144738,0.0
-0.09353043676747275,2.2997120319880593,0.0
2.7322832022359087,1.9793116662797858,0.0
0.268085656750384,0.5419071598708136,0.0
0.03815335684155663,-0.05962918688559338,0.0
1.3721455873737491,1.1473611091752096,0.0
4.242210291787373,0.9959461731529777,0.0
0.8265961700948665,2.489346886150761,0.0
4.392949083678314,3.4341168240627966,0.0
2.83320340957643,2.7613655964498784,0.0
3.083066724536849,1.2122935456504078,0.0
3.7409015256243254,1.9254362622461105,0.0
4.819378823599983,1.058165780687215,0.0
1.7747524112656132,0.4447767471006514,0.0
4.133535278292075,2.1183859297514602,0.0
0.3661455398834177,1.1440272130480929,0.0
1.615385238467161,2.7724191343779943,0.0
2.1685183446344505,0.24987903939238465,0.0
0.7652325639910909,0.9046951608783793,0.0
2.4879399025323923,2.413691803195981,0.0
3.909234507736411,-0.7858205840994055,0.0
-0.7970109911358074,3.2164893963979346,0.0
4.5009684858319075,3.1063089057240365,0.0
1.8708798169566552,0.212847534014325,0.0
4.36635520832868,0.6161786039176518,0.0
2.3306306132839127,2.189943667912894,0.0
2.0161902684302344,5.145802598857273,0.0
2.269199083059055,3.059836900058386,0.0
2.064954902134305,2.0834439233850794,0.0
0.6092024822909958,2.0649412522665047,0.0
-0.300172949782171,3.1740247204135206,0.0
2.728429292305057,1.5978435081774935,0.0
2.1728998956238015,0.27701865712610374,0.0
0.8204890386344617,4.183349737895496,0.0
4.342429997736684,2.133049069804749,0.0
3.825808157568114,2.1214821837069433,0.0
3.586223085315102,0.4963800254506492,0.0
1.9774271987567509,-0.7840451608552406,0.0
4.578121613254803,0.9160104214877687,0.0
4.743795911301042,1.3863967234233008,0.0
1.196782122838435,5.491814769547306,0.0
2.2604248697603606,1.9360474754407648,0.0
1.11101921776282,3.1397939264517496,0.0
3.2134464008255295,1.3013158102965339,0.0
0.00926265343769539,1.2335333062992695,0.0
1.2855148058181758,1.1523090749837632,0.0
2.306992722248661,0.7353258872565642,0.0
2.3863914495529963,2.5267339628280516,0.0
-0.44335248998019683,1.262626177771555,0.0
3.5919475775046275,1.318286953552889,0.0
1.4411478719447919,2.564036697855575,0.0
3.6879125115443165,0.1733541371303109,0.0
-1.3556162473118767,3.2202883279695813,0.0
4.406918918571893,3.2578175387749595,0.0
3.6397249727421475,0.2212463291484723,0.0
1.7056407344003572,3.1230546453952672,0.0
3.0670329976929507,-3.04539976538379,0.0
0.6883532844278673,2.095270919074526,0.0
4.079468616422229,0.619730902920002,0.0
2.7965825457400384,5.203279449474302,0.0
2.989475402957729,2.4287631298675327,0.0
4.342489506319349,0.7095069747634519,0.0
1.3028692233544867,2.0899565029116336,0.0
-0.039766183084641415,-0.045001436752127866,0.0
1.0834833620335809,2.039732925329505,0.0
3.567865402051296,3.1868461548934826,0.0
4.820360199997771,1.410578245339423,0.0
1.8345200873098506,-0.2314102504417992,0.0
0.8632036387533104,0.5496328919115872,0.0
1.472119904351211,-0.14401325264057085,0.0
2.6938264838883192,2.3111268857518388,0.0
3.2945868654901433,-0.0003279996417155928,0.0
-0.8924549987978407,0.5387773106230549,0.0
1.7119266216781632,3.4119181895509283,0.0
5.056626702736928,2.1424276787857885,0.0
6.200019684851448,1.0086154971553425,0.0
4.138988292190419,-0.29762243389532816,0.0
2.743868561685774,3.7511573435076,0.0
-0.45770650814178815,1.878989299797502,0.0
3.6786788138292787,3.2586320104332684,0.0
0.2476630528853747,2.735098195302822,0.0
0.6287900631041419,4.009316722011956,0.0
1.9200145783858078,2.3735158061691672,0.0
2.402334001168634,2.146773315399426,0.0
3.9135965915093864,1.6420769439464677,0.0
0.8024683487186615,5.2908862763693545,0.0
2.5864032701637556,2.9406182147991076,0.0
1.5674144554328007,0.45783305713451505,0.0
2.6230186903760475,0.3236350063762723,0.0
-0.5202264138511228,2.611358942073818,0.0
-0.2380300834173945,3.346413827863519,0.0
2.563157956162364,-0.9042736356933969,0.0
1.8779463069276876,2.1986768448493796,0.0
1.9791899782157911,3.649793223248277,0.0
0.58940309556528,4.40149206982872,0.0
0.9691142605933829,-0.049194902234475535,0.0
0.22017868701635734,4.634114227440173,0.0
0.2892148332475841,0.9663368785480269,0.0
2.0451997804408752,0.7918795085073596,0.0
2.6834149299822316,1.7585012975814136,0.0
4.0226580537529175,1.0348222644747365,0.0
2.6127317990074035,1.885622602966695,0.0
4.326901827584868,4.3918748350973065,0.0
1.9518586551328672,2.6183048587211473,0.0
-0.3675129336155205,2.8239458216829108,0.0
3.82768040117355,1.773688375111903,0.0
2.7133951410166888,2.695472539628403,0.0
1.6707002746108017,0.6794965918545264,0.0
4.060948261738149,1.8420768412110353,0.0
2.8747590294786574,1.1281001129147432,0.0
0.8470743297533438,2.837603178662479,0.0
1.3266966455712346,6.1651378536846515,0.0
0.26828313262920545,3.7262861377566088,0.0
1.8019011784359105,3.1627539308520936,0.0
2.86595885776412,3.8526544621713668,0.0
2.0025840281912064,1.350921719318849,0.0
1.9662598588106257,-1.035721808227728,0.0
2.435292162616144,-0.3884596791443804,0.0
1.7083648394427602,2.2744773100476237,0.0
0.411884294951528,3.2206105046595135,0.0
-0.7131037215767133,6.255121647309169,0.0
2.5186686229356043,0.033650264774808925,0.0
2.087359465145868,2.0987888790725036,0.0
1.4331835830167872,2.3855402331241233,0.0
4.445781595937536,3.660399358438692,0.0
2.9367998327608844,3.9609849506209636,0.0
3.6849703530949176,1.1055781112844714,0.0
3.616841820172924,3.445232533370761,0.0
3.356373938947013,3.299377372933914,0.0
0.3561027708690767,-0.8853895846276805,0.0
1.8254203683308639,1.248164936247639,0.0
1.2869617234330013,-0.3212938686605935,0.0
-0.5552834131293456,1.4747110222350215,0.0
3.5072319962693106,2.7080586066663996,0.0
1.081211864357739,2.586649371337635,0.0
0.22354508752598434,1.4987919928405216,0.0
2.608681381351384,0.9781662558189119,0.0
0.930801402468838,0.7641123555058671,0.0
2.6587520079934834,1.320237231625896,0.0
2.1764619549806272,0.7018937311212468,0.0
1.8838513783384514,2.165452206896867,0.0
-0.45136230866304494,1.2859325860630544,0.0
3.5698522954063456,2.92414095949119,0.0
-0.8337159444018374,1.87307168828217,0.0
3.997967254927868,2.2731027849748213,0.0
2.6353337864635202,1.0302585912610926,0.0
4.362443096929841,1.3340737850370419,0.0
1.4692869650434703,2.1771745389383903,0.0
1.0866626438623725,2.331971158474193,0.0
2.575295330568434,4.892847450180538,0.0
4.377800109382278,2.7398127702458255,0.0
-0.03992507520373856,5.1680670183067665,0.0
5.623270221045095,0.5470699504481522,0.0
4.934820115893738,2.783617637538753,0.0
2.720068959171734,1.5202012496230897,0.0
0.6723412539760185,1.8503109410779086,0.0
2.277834356345849,2.590796337161399,0.0
2.2241832935708685,2.3912513651297953,0.0
0.8942770882370186,5.230495887103176,0.0
3.8174829054649555,1.3456371343173825,0.0
2.7392809851376585,3.045357514582335,0.0
0.21972058006730122,0.6823846183225808,0.0
0.7121439386003399,1.8252162698947654,0.0
-0.6967419966473392,-0.43867495521619926,0.0
2.222201401975992,2.058278865053629,0.0
0.41780158147452795,4.642998262881884,0.0
0.6331529920898493,0.2103850008264776,0.0
1.9104891181950765,0.9447199004969102,0.0
3.1638327888292492,3.7198719158250593,0.0
3.038402514921719,3.1440513086687494,0.0
2.3225463484686752,2.893704516022688,0.0
0.08990748268079152,0.3784644459434654,0.0
1.3885277274745835,5.75069211774038,0.0
0.48697232704329796,2.7839708921438198,0.0
3.443864048406972,6.979538137672708,0.0
3.2124083428639656,4.071558251230995,0.0
3.831585988089484,2.7704823604403064,0.0
1.3235121121597542,2.0073677040050346,0.0
1.0266653210962602,0.5237470751164905,0.0
1.6685365626661146,2.832028544558639,0.0
1.7595370530498753,-1.5191665290142407,0.0
1.4730515612380675,2.954978227937347,0.0
2.9525735440384824,1.3514747007524175,0.0
-0.39513619371917086,6.871865527395885,0.0
-0.2876881604858923,0.17887903276931816,0.0
2.3818837030588673,0.5841867856278042,0.0
-0.8114947556130918,1.2404768900935794,0.0
2.1702950647674792,0.3666145100031839,0.0
0.9810297208894068,3.232798266593078,0.0
2.909167617112142,2.012870572779027,0.0
5.566458119664897,3.9366700385946682,0.0
2.1508505637622712,-0.13836904510284143,0.0
1.285299412880838,1.3200091318651932,0.0
3.419950446524161,1.9973868736572304,0.0
1.822290393593115,4.71302232991642,0.0
4.155741195610833,2.685374513039493,0.0
2.5445488837872143,-0.6796986334211561,0.0
1.0581092094427778,1.3621896259541768,0.0
1.8595174734730597,0.7766178454526202,0.0
2.4063393996327846,2.546564194034491,0.0
1.0342877815213143,3.332318165403508,0.0
3.8150300578488427,0.9943172287704378,0.0
2.841405176375399,-0.7221182719996357,0.0
5.022328995587927,1.123758422529156,0.0
3.942949107722856,1.879213460471925,0.0
-0.14614100228952598,3.9799742216843774,0.0
-1.3444262657576767,0.8885960188188462,0.0
3.1970130929817016,1.0517100372598622,0.0
4.4556252781719135,0.237404521825886,0.0
2.6401689977245395,1.0242857106314287,0.0
3.3935435813201447,0.854694147777828,0.0
2.524502319704274,-1.4563362694401736,0.0
2.4082981471361027,2.9066265806593012,0.0
0.5983083273724894,2.0263155648955795,0.0
0.13785193233719317,1.5430860565442361,0.0
1.5553059650747063,3.233739810135731,0.0
3.152625249314462,3.4364049734358426,0.0
1.1388780151040656,2.8908105293136863,0.0
1.1517550346777943,2.258353079134641,0.0
0.731367439510068,0.36582504505542635,0.0
-0.04629840998735446,1.945041145731341,0.0
2.9037750357505545,3.603364142144768,0.0
1.599803901564383,1.3542114359891237,0.0
1.0236518530580632,3.684351729551228,0.0
4.552709646636867,4.540402232287567,0.0
4.2568534928233905,0.4635157979445519,0.0
0.5080520571910865,1.9765700729497115,0.0
0.7062778238249638,-0.17612440369364712,0.0
3.2288418149839466,2.1793186318160265,0.0
2.396483705151711,3.0572510894239535,0.0
4.666895429236277,0.8942467726617287,0.0
5.3210919622051005,-0.5974513225047922,0.0
-0.05492693609720023,0.9913468347927556,0.0
2.1148908724356903,0.9138204507890815,0.0
2.6984719733688016,0.2534935450761364,0.0
4.4573837638949865,0.35720705598788793,0.0
0.45153978252785465,5.554925421795745,0.0
3.4592711783922137,0.6904592287869626,0.0
-0.7050682052149297,1.6774264460406867,0.0
2.2403926011415307,1.5655466094801818,0.0
1.6526414677091332,1.8913428073760983,0.0
3.912710162408475,2.710416150380199,0.0
1.0731085906024838,2.087772993272637,0.0
3.4251933107400356,2.3596590685515864,0.0
0.6580664597062877,1.144467363969453,0.0
5.570636691891139,0.7000083713428837,0.0
0.38005675025669317,1.8437769917215252,0.0
2.401304439057667,4.314441749169626,0.0
1.016725669082546,1.75912506543755,0.0
3.0742966041580617,1.082270820730331,0.0
1.347826128649656,2.980149415773246,0.0
3.152247451288011,2.572357223254103,0.0
0.44894454032061315,-0.983809340202555,0.0
3.3307077890145456,1.2380271846013402,0.0
0.7783638372679147,1.1061959898672735,0.0
4.295941785182501,4.246117474449182,0.0
0.2939640416680871,2.1883592260919356,0.0
0.30237860334608335,1.8467281726517704,0.0
0.5639009186857702,3.3236133870654796,0.0
0.1661971488806624,0.8918806276255493,0.0
5.186737188727994,-2.6228621040460833,0.0
1.7085180630757084,1.8027101464938982,0.0
1.6581659402934004,5.127723222372805,0.0
2.85981077899515,-0.5066358358330305,0.0
0.7240895433737191,2.182950628515904,0.0
2.343964561443276,1.3726924275812933,0.0
3.1013303730065394,3.083849436020458,0.0
-0.10302478106710566,3.279325733939202,0.0
3.522977716778686,0.8650723814031311,0.0
4.183066647066049,2.4512602734430335,0.0
0.9036549969385337,2.2484602326904164,0.0
2.99428191773348,3.6228169217825066,0.0
0.328080760385963,4.403031894015122,0.0
2.6648287720533603,2.5947818393852176,0.0
1.1226806011424677,2.5913393126939264,0.0
1.700874359524161,3.899120479923554,0.0
1.6032360849512206,4.358280560401415,0.0
2.4414924108525806,4.197691509340304,0.0
4.062780174690317,2.702519692101128,0.0
4.578189344992937,-0.22497334701730187,0.0
2.504128789746404,3.9610062607239294,0.0
3.076665599646253,0.6570867749257419,0.0
0.5143756861891218,0.24674412208325736,0.0
0.9902197717679351,1.7687391892189206,0.0
0.14613898986461882,2.065614196331303,0.0
3.023018490448407,1.7640652963018109,0.0
3.5086238827519773,1.766606353625462,0.0
0.8827865419271959,4.810737624563254,0.0
0.44709424549134824,4.26967860143132,0.0
1.5091185684057167,0.9621126410616987,0.0
1.3156302068889958,2.7814235230747784,0.0
4.442262358243115,4.57565349606322,0.0
1.605608533334443,0.20538097793953236,0.0
2.214043635455678,2.4271280129075063,0.0
1.882238904529967,1.349431529356014,0.0
3.7611710374086997,3.05834940453291,0.0
2.6828572094109218,2.354720446090749,0.0
2.6151741369749657,2.5862627084476073,0.0
1.3075317295475357,0.18317965078430198,0.0
2.750294337665111,1.9646976794095146,0.0
2.6125870485664513,2.8073914449298547,0.0
-0.3665329686295049,-0.2126851343335625,0.0
-0.6642629996878853,5.000684894565957,0.0
0.4637163937251496,1.1492904620123396,0.0
2.399852220489299,2.941808788487087,0.0
1.5436983830307076,2.2191701305438514,0.0
3.6564980208831552,-0.27713776137843515,0.0
0.9218488050681783,2.1313673808919766,0.0
0.48116795706626303,0.14250515419094545,0.0
3.689413094203498,2.7508638564494294,0.0
1.9200015148388698,1.5416510428559136,0.0
0.45053388775239833,3.769616057094586,0.0
0.3717757348479238,2.612778220700442,0.0
2.042429986894502,0.9609969415527262,0.0
3.4540035059199683,1.0786706886716244,0.0
2.8465347064424735,-0.9703739365630728,0.0
4.368621047789201,0.5017739802542793,0.0
2.6191678545800716,0.2004025786855368,0.0
2.44402909961243,3.956937982800119,0.0
3.3372881453396985,1.9689238939157068,0.0
2.978202070876139,0.8134502117554354,0.0
-1.1896352565213255,3.247192219033231,0.0
2.1902826541366043,3.5659383184596645,0.0
2.9224940153320826,2.349112283338575,0.0
3.108881425961836,2.4164626356914263,0.0
-1.5835917631777683,2.2999066280859477,0.0
2.8149922640235454,0.2871652501026163,0.0
3.4269967050945525,3.8335084415918512,0.0
-0.029111544395590272,2.724782587514996,0.0
3.49228621442362,0.3773884485010943,0.0
-0.941852800055027,1.9711315628416441,0.0
-1.030158075102186,3.3291949633678524,0.0
1.7131238416145835,2.304360218302119,0.0
-0.07131151928615687,-0.6550168317650775,0.0
-0.43115572786151235,2.4379704673271956,0.0
-1.1061275168929812,-1.3664341888518177,0.0
1.8491236898217578,3.166400482629581,0.0
2.380781600852628,3.068048353398187,0.0
-0.042739399149132495,0.006440759667975859,0.0
1.9275564404765975,1.4434716768222533,0.0
2.906027184701533,2.478402736214457,0.0
2.3039299646728506,0.4942819519171271,0.0
2.5142852333588395,0.07267987765926609,0.0
1.1143244830494263,4.935848573009364,0.0
2.1760177646709993,3.194125180263235,0.0
1.9907640129875381,2.2601326422398196,0.0
5.950346265417143,0.115006954247874,0.0
2.378108367368921,0.9847969092358302,0.0
2.5185720920507704,1.2615851454553009,0.0
-0.24033825472676984,2.260497150266563,0.0
2.8007584964404417,1.0120853243900108,0.0
4.362287396058173,2.525847669412557,0.0
0.5157863196984231,4.694801293407318,0.0
2.2265811934540487,0.9684889527636282,0.0
4.206890449292455,3.127988812830522,0.0
3.463814821528419,0.387592560590571,0.0
2.1874016111756545,1.3202250546170906,0.0
1.4862700397504653,2.773766544925557,0.0
3.6093972000456955,2.0669663280341943,0.0
1.8822476698018018,-0.012938902885678782,0.0
3.1709181417878685,1.9646394341209175,0.0
3.1381354002131623,0.7328526858025033,0.0
0.8804684040459576,3.4080175620069966,0.0
4.321466554564398,3.9853566256492434,0.0
2.4431668539125337,-1.328898387858985,0.0
2.5934945199762724,0.3880409945395238,0.0
4.798904099489867,2.998760142224161,0.0
3.871972122020587,2.830545987441906,0.0
2.9282778580857443,2.0130766469383543,0.0
1.3478767770636941,2.4835362305790785,0.0
3.6997580690767933,2.468435328724807,0.0
3.025849271338707,-0.6987353895972701,0.0
1.8918105929308981,3.0023486794125054,0.0
3.1014416287167914,0.25387318310186435,0.0
1.2290544543457558,0.01859115052291993,0.0
4.0051730557656136,1.3504300142590926,0.0
4.778885910605034,0.05966010651134135,0.0
0.6520982083797966,2.4821923965039816,0.0
1.6210772714384245,3.3493718002778032,0.0
1.855281913307814,1.745645142874204,0.0
1.204684393357736,3.1215485038932997,0.0
0.5482099890890233,1.578972020711027,0.0
2.983295553760302,2.4302082775404066,0.0
2.940868235762107,2.622279619330535,0.0
2.7165092718811064,1.9895541244966242,0.0
3.0276800640217343,2.8587690412930304,0.0
3.6655427484332797,0.2953496996005409,0.0
-1.315960157655896,2.2494593443268402,0.0
2.40314372802949,4.680102308635273,0.0
2.5266664009707798,0.03360278740531175,0.0
3.068771608997608,-1.7058081712033406,0.0
2.497989058091037,3.8404516626717906,0.0
1.1193302789690247,1.6454479358904428,0.0
0.8873440401143284,0.6244686021315968,0.0
3.0326859391919845,1.422422275489615,0.0
-0.2992592708130588,1.787560237884113,0.0
2.5961646449616875,3.924976914539178,0.0
0.9489630486669944,2.232597177748344,0.0
-0.48843996005107426,1.8714147997725217,0.0
3.8212636950710928,2.192603760735967,0.0
0.14707492710324166,2.647647588543717,0.0
-0.9250576030507442,4.945906689830454,0.0
4.517151069336249,2.546679948175207,0.0
2.5259055442458354,3.7301826879824485,0.0
1.7847692674199425,4.831570293201221,0.0
0.18409640479386735,2.2845108777167233,0.0
5.414230877795572,3.1978479130081343,0.0
1.9447855594402295,1.6856831814580442,0.0
2.919264924439577,0.01992293735759798,0.0
5.307930016299951,1.5202134448232625,0.0
2.406276904616094,3.567655450197953,0.0
2.2483525984437316,3.45608770121122,0.0
0.44988618427909155,2.20413651571553,0.0
1.8466865462681286,2.6428297246592027,0.0
2.6704407282401266,2.2356711458080802,0.0
2.104780912529954,0.8673708513268052,0.0
2.0302928782375385,1.196057983414833,0.0
0.682525285564477,0.7866720450978109,0.0
2.623333167670899,1.6299525390972684,0.0
3.051975807735007,1.653996746302782,0.0
1.6966859466129973,0.8395884321505074,0.0
2.3665390593668043,1.0608229301405023,0.0
2.8495796084315685,1.9315673458908498,0.0
1.5278985401108527,4.186344083702453,0.0
1.0003905902827817,2.5064145910435394,0.0
3.8344366671883408,1.6882175974927158,0.0
-0.07113095700293304,1.931451317803604,0.0
-0.05146779370037491,1.3710266169841472,0.0
1.9936135605647556,1.3625543944482381,0.0
1.14945120842259,1.1555850042391838,0.0
0.9296008013482333,3.2879090574325294,0.0
3.3235622791121373,2.97427319085064,0.0
3.0158715427867495,4.182487895222121,0.0
0.4843788237805464,6.672304502355681,0.0
3.311032532174721,3.6862588305877866,0.0
1.3873470137729282,1.8732010382666557,0.0
0.08423493933307857,2.391919261502018,0.0
1.6618811620429845,2.097935701348597,0.0
0.8659794726313834,2.599470659440109,0.0
0.7957930361463041,1.365412430594786,0.0
3.655301742755599,2.9356044730759163,0.0
0.40742880981988794,1.3838869607268305,0.0
1.6073498887521245,4.653363904292438,0.0
3.2747786934588183,3.6856265537171815,0.0
1.0650159499459757,2.447195684202336,0.0
4.33169317198901,0.9354931865639702,0.0
-0.24371266190612317,2.4868148413023903,0.0
2.5109958511859407,0.8323182951665016,0.0
3.0655207056361244,1.6857671166502897,0.0
3.5962552584858996,2.6945018297705463,0.0
2.202431107093565,-0.5206723067058161,0.0
0.4454589315739834,3.203580084207042,0.0
1.4719338292290747,2.537729450965853,0.0
2.243489657927908,0.5867038015600305,0.0
0.085616122855942,1.4891922696306432,0.0
2.5324942885366424,0.883680630201946,0.0
2.719753543584621,0.4767964013699486,0.0
1.3403808519387481,0.77806754217232,0.0
1.8666611690535477,1.578881744913771,0.0
-0.2935316179043963,2.5515809892017822,0.0
1.9758052243912856,-0.0729866413675615,0.0
2.0919197692797877,2.0615252847235572,0.0
-0.24990406630032425,0.9741718919217397,0.0
2.8597755221988193,0.8367311825871171,0.0
2.45007716852159,1.5178645326464568,0.0
4.226214811908273,2.261613703500973,0.0
1.656062852962839,-0.6363920177314029,0.0
-1.3449857787267447,2.5989490915356366,0.0
0.6638414243905626,2.7157401616051895,0.0
3.1664673398642007,1.6881467329725313,0.0
1.8250527275520039,4.016776320189891,0.0
2.3305251365601496,4.009679876602402,0.0
1.5031850790996113,1.9003049840069888,0.0
3.3243200175025707,0.6041997031287714,0.0
2.5344870720340738,-0.23242916457731688,0.0
3.56564671774891,3.776291092865268,0.0
2.9705196884799236,2.307536248221676,0.0
2.5413203170463614,0.24876053486015248,0.0
1.1220427185263595,-2.3436434246910274,0.0
0.7838086118488996,2.178622308226648,0.0
4.349903023243424,3.9869320872050413,0.0
0.6329271752271635,2.0200009039606566,0.0
2.829361093463251,3.901016875916802,0.0
0.8960933784633789,2.2937411248848734,0.0
3.035280697410016,3.0187384938552415,0.0
0.07929632314697255,0.9886096351899383,0.0
0.6058220800602181,1.0396173691633808,0.0
1.5311924879548873,1.511232912347127,0.0
0.687920061786035,4.610462751235822,0.0
3.8939006445374718,1.652157688831482,0.0
1.759219598233662,1.925033903606287,0.0
1.8150137465825074,4.916002738889265,0.0
1.5766782729168805,-0.9967148896334939,0.0
2.597247595904527,3.5849687494103515,0.0
2.9509363071756316,1.138386270724999,0.0
3.4284237716503845,1.979538403989955,0.0
0.2753822194707145,2.688580228383691,0.0
2.426492678446141,2.156949908298847,0.0
0.8366968813489071,2.711129024547253,0.0
-0.5343193521670195,-0.24655216283564174,0.0
2.4769573265610987,4.265186903336232,0.0
3.508535258455258,1.513968455581296,0.0
6.014035066562946,0.39441919145736226,0.0
2.541171783616113,2.068944086265261,0.0
3.16183951722285,3.8846288700679574,0.0
0.9365397702753953,0.45220428376359645,0.0
1.7580299385316536,4.177400107658828,0.0
1.7952048328581978,4.042172750754311,0.0
2.7451902143060827,3.0000373515577548,0.0
0.2672887292171455,4.074776449462215,0.0
5.847767238220743,1.1187086287425623,0.0
0.6982602325446736,3.3127301946996517,0.0
1.2514165996471944,3.420596574047684,0.0
1.8458548802061825,1.7468645231551267,0.0
1.5229983216114515,0.49044128937051235,0.0
3.141229550872665,2.6205320470110918,0.0
4.067579672607787,-1.4608953642625027,0.0
2.7501139366431464,0.537806117511382,0.0
1.9964521032694391,3.298623664145028,0.0
3.8769688198470273,4.139417605826596,0.0
1.3302735201722384,0.9825231741149256,0.0
0.695656076880196,1.0762677735819532,0.0
1.251059854232162,2.5866536922983765,0.0
3.350721174406615,1.0457653330494483,0.0
1.992687496794316,3.708346825044856,0.0
4.118492413979871,-1.1401307367744726,0.0
4.192889783380874,3.5941667694689277,0.0
4.224754705188277,1.6673607886523338,0.0
1.5672767455995842,1.4850496874949168,0.0
0.1152765420322468,1.0275894300463744,0.0
1.427421800066838,0.22080757468923196,0.0
2.321362265956735,4.114233317523966,0.0
2.28564063143879,1.5655168096207501,0.0
-1.5222054636922708,4.854940925441548,0.0
1.4552957687480292,4.052371288518215,0.0
0.6120266857612273,3.6315866612006893,0.0
3.158406540926846,2.301360100285562,0.0
4.921141092653312,2.3649783280175316,0.0
1.988694562825165,2.338886055263133,0.0
4.078476659132317,1.7466165463605197,0.0
1.6781037503460587,3.362413703694317,0.0
2.793742888371739,0.7920040455413122,0.0
1.227117705477226,2.883089713487284,0.0
3.697791027003492,3.8090496766381743,0.0
0.4925206123785735,1.2660996373443545,0.0
0.4965209530751926,1.8643954064634678,0.0
3.911206039735971,2.4771712231345386,0.0
2.0142871756470644,0.9782257157000667,0.0
1.9509724329634477,5.841528647994077,0.0
3.1993981986932076,0.5571729448767841,0.0
2.394846534892753,0.9444326667822809,0.0
3.5433655324065474,1.9806748778101606,0.0
2.6984604488480857,2.7188129860716135,0.0
4.981330151390353,0.3660371815006047,0.0
1.2232082099411088,4.041681257580055,0.0
3.7648322685497155,1.9569749940411068,0.0
2.1986320062055293,1.8537000742477532,0.0
1.6237720263161337,1.344763809250312,0.0
1.1135749903914307,-1.2930696489951945,0.0
2.81773833690022,3.44717337254078,0.0
1.1919509004823718,2.4182202572062352,0.0
2.7718412430889394,-0.1415365054119242,0.0
3.351177103057126,-2.210105658139394,0.0
1.4855171020831626,1.9914564509963828,0.0
0.3190641593389212,3.815835393905055,0.0
-0.6129136552401828,1.063336665622974,0.0
2.7421945590831323,1.5495658675424402,0.0
3.0348814155800996,4.900162693478393,0.0
0.9053826486628855,0.5745598086461943,0.0
2.311490840983326,3.468840190638267,0.0
0.8161227283424248,1.7908371763624504,0.0
4.085429082174185,1.0728749012530299,0.0
1.7751803616778292,2.4914427565744353,0.0
2.2897368893871572,3.0839687408751595,0.0
3.0498596676553635,-0.11879385011821153,0.0
3.6748670243552537,5.245402543338379,0.0
-0.49275960780305494,1.4904740581938793,0.0
1.1708948970701991,1.1566761085467614,0.0
4.437951810629142,4.225413001512763,0.0
0.18284986801382352,1.1014166551974593,0.0
2.08244089779087,1.9475139091427864,0.0
3.5618099386820194,1.1488915912977475,0.0
2.907057796719122,1.9573775881183597,0.0
5.56777947169499,1.0388520213463697,0.0
2.946689476801108,2.8704902091652373,0.0
0.3739354573072724,5.111620041307768,0.0
0.5555357653211257,-3.3385120535930817,0.0
1.980713769099638,2.8930204595778086,0.0
1.7801854550105878,0.7351473973876743,0.0
2.4164950484715195,0.11120793152829633,0.0
1.9130333363098408,1.7523644204156714,0.0
1.9616429398255864,2.628833426417774,0.0
-0.3640959572161169,2.073238086848716,0.0
3.7847902213687,3.0017592732975746,0.0
1.4190480396722969,2.981039877407038,0.0
2.8321338686541426,1.8235467250917003,0.0
1.7880847554515884,1.6249084055835161,0.0
0.19493424686357463,2.5348556502516955,0.0
2.7792255691072683,3.0090446214989623,0.0
0.4323568605134689,2.98333600348217,0.0
2.3028585195068585,3.316952287303796,0.0
3.057111086065155,1.3832990661982052,0.0
2.9732990561402284,2.984221550751256,0.0
4.062148082387636,1.9102591667695579,0.0
2.7382807357907133,1.4948767028344858,0.0
4.859890498741715,0.9573270705623429,0.0
3.306057089245459,-0.2769348410710015,0.0
2.106475046467027,2.659620983823009,0.0
1.3892292970344966,3.8867222870163154,0.0
1.5607573934231374,1.947482281620064,0.0
1.498225876526011,2.8573130505954336,0.0
4.37493570070213,1.2554181312782575,0.0
4.74006799472977,0.2594444919599421,0.0
-0.0756177365373385,0.1847475355316308,0.0
2.243973078075848,2.85631752342895,0.0
1.278447158803433,2.380673262140214,0.0
1.6011482817935785,1.192954622798251,0.0
3.25936907006427,3.5881288040939796,0.0
2.1164694841557044,2.5616842135154334,0.0
0.9672405750990274,2.4127545536139587,0.0
2.7439864090676576,3.132141657043147,0.0
2.7964184744177567,4.279507695075755,0.0
2.509766160578805,-0.7637127803975576,0.0
1.7927451099028162,2.737971142455118,0.0
0.794342454647454,2.2440013071848464,0.0
5.433814103273312,-0.03008733650782469,0.0
3.1931064449328277,-0.6422274307126576,0.0
0.8633751402088032,4.599791865781494,0.0
1.4692587594612636,2.7806124516376363,0.0
0.776080797113746,2.2572121158399954,0.0
-0.20797523130654127,0.22536132227396366,0.0
2.84606036014085,4.152772485217064,0.0
1.345144732456335,2.2264343846696515,0.0
1.9416412139085562,3.2457896912778903,0.0
-1.2071084972058514,2.5753986421835173,0.0
1.4604265249816295,2.179685020786183,0.0
3.4152613318484635,3.223091552663307,0.0
0.9462306720519209,1.7961245576665905,0.0
-1.020786522226627,4.020400940611197,0.0
1.7985015397742778,4.189800599823121,0.0
2.0041585872816587,0.5678807303507072,0.0
4.844906163555445,-0.16742884223259313,0.0
0.35011754259803496,1.987123105719029,0.0
1.8964149884772454,2.5410181248928305,0.0
0.9312609792850166,2.8887045328473437,0.0
2.222700574622134,2.116505192919198,0.0
3.726802630469328,3.6887005056670956,0.0
1.8591880065964637,2.916583954515032,0.0
0.4038043137387288,1.1117051719438675,0.0
3.537487079144261,1.4016955950144268,0.0
2.298828251107383,2.158978030095155,0.0
-1.6823885855815695,2.5558439496041006,0.0
1.4788019927804086,3.343564092921606,0.0
1.3231908293651153,1.7806073138725507,0.0
1.2939974071685698,0.864934211285451,0.0
1.6791064875572919,0.5680163849329158,0.0
1.6211190195781768,2.1582943544766864,0.0
4.207716181673868,3.5258185927592876,0.0
1.6245253033299916,2.174947527712485,0.0
3.333740617931311,1.2527598558948556,0.0
1.1613198177321398,2.187522759205112,0.0
0.00961272739970953,-0.36673100509246037,0.0
-1.5141724212632202,0.7258310807315413,0.0
0.41420194736979044,1.0176470177180157,0.0
1.2428751434407872,0.17147509279183515,0.0
2.125019238393172,0.7877735274885964,0.0
-0.43760012147855587,2.7565979945102566,0.0
-0.289966509459715,1.5059148962595037,0.0
1.4428435240609292,3.981874239453872,0.0
0.4982042914487559,0.5827862982897356,0.0
0.8236943934624361,0.4731620945143704,0.0
2.00425658535338,1.1816686328507533,0.0
-1.3279423932858183,2.4215158233795924,0.0
1.9227755652534009,2.3235547085189596,0.0
0.4561896593414747,4.107552196145065,0.0
2.447130541574315,4.030712986402899,0.0
2.826175886088642,-0.17669643890846753,0.0
2.401252095706594,-1.3592834117703099,0.0
3.543557154858905,5.279309677850368,0.0
0.12782643934729698,1.436467555923778,0.0
3.63404474105709,0.4549141988681691,0.0
-0.02291739670931703,1.15157165699075,0.0
2.7568442199369683,1.195422442690748,0.0
2.8098389647447903,1.123713339550023,0.0
4.870368019325268,4.185286047283512,0.0
0.32443833893226603,2.9159226944591436,0.0
2.7714071735073036,3.991748111400382,0.0
2.5514719470741145,1.0170346272331372,0.0
1.9642907302130326,3.5269212411253013,0.0
5.441753505820704,2.6844880487391016,0.0
-0.084139788218061,-0.18839783647401553,0.0
0.7742909557558071,3.343843407882661,0.0
1.896945667296854,4.936783326412164,0.0
0.46267417299664415,-0.006105748202250183,0.0
0.053647534657270235,3.1967706086157412,0.0
3.9801431734891626,2.397074421555259,0.0
3.5224895038028685,1.9203057783715485,0.0
2.375425650970985,1.6399226994578848,0.0
0.9674603583087154,3.6875517330935628,0.0
2.8949776902821496,3.6551400336179904,0.0
0.6634140779278823,1.913086014068374,0.0
3.432547176347108,2.1242749010465154,0.0
2.746433886697281,2.7370911781794725,0.0
0.06122575736728786,4.4709826041450285,0.0
0.2997261149291508,1.204256793711442,0.0
2.2468554306185737,1.271693406992976,0.0
3.2129616766137707,0.731026246939648,0.0
3.6546448715611053,2.503493596260033,0.0
2.657176227119656,2.8647635021586915,0.0
4.695937838854076,4.914466441484263,0.0
3.1783184935142224,2.4916104042856655,0.0
1.2518626121478647,3.529714870866697,0.0
3.0509837607270756,-0.06031505845023588,0.0
2.462548350622715,2.8761981788801423,0.0
2.6332755501963194,0.6454325628935449,0.0
2.0002449271692613,0.4650441761255668,0.0
1.8422488394014829,2.52837666313316,0.0
3.5140020062728854,1.8952277218759739,0.0
1.0404198150176036,3.059782691621908,0.0
1.8604734716765745,2.148147815503203,0.0
-0.6915689328648056,2.2274836874647725,0.0
3.6005655355334207,2.682480575470006,0.0
2.911391507152497,1.070158305081629,0.0
0.7288330242187249,4.860921679278989,0.0
1.4254610346206533,-0.20307154198955946,0.0
0.9810618966963358,7.510835738232105,0.0
4.565219499477319,-0.707927948582932,0.0
0.02905517745698427,3.42967831749381,0.0
1.0146700629416345,0.9473755600609048,0.0
4.333912397690421,-1.254939379873099,0.0
3.671624713779717,1.0869650240871809,0.0
1.1733070233478413,2.5841588722322384,0.0
2.490900254562822,2.292502474535201,0.0
4.765343142214107,2.988160759455485,0.0
2.730709907138529,2.9188743959339423,0.0
4.14182657593393,-0.47250201689782356,0.0
2.192124748580735,2.0802683855721824,0.0
-1.7325988400691719,3.9914749783739563,0.0
3.3589380848811325,2.8577034148624314,0.0
3.3870374030369854,3.185218554374675,0.0
-0.5554644645467928,4.365663181915786,0.0
3.5635868836763613,0.7303248197269745,0.0
2.0367368493492903,1.814274770121018,0.0
4.283190226141804,1.037546615067885,0.0
3.6023454943864737,2.496627173993499,0.0
2.3766069237237337,2.875758317434756,0.0
4.2432329637030755,2.3755917565153286,0.0
2.71933938046301,2.3881746291127164,0.0
2.0398507920463427,0.777896796174363,0.0
1.2178179260344426,0.939662370376249,0.0
1.915557309439826,3.7596913769761655,0.0
2.8476669422976606,0.19855054961766228,0.0
1.284024281367552,1.3876736261297167,0.0
4.45976327117306,2.592223587849516,0.0
1.0824993638901428,1.2595170029932612,0.0
0.3782178876949587,-0.455490244467053,0.0
3.1126135948488516,3.3942896925100383,0.0
1.0893877207526457,0.7981673636684317,0.0
1.9676148451085644,4.156092198756754,0.0
2.153604387764935,0.9623175943694289,0.0
2.055881182599377,4.466136098229265,0.0
3.8885783340325237,-0.1487649669889648,0.0
4.198380769186384,6.20922680963361,0.0
2.139391495242754,2.1620221835877182,0.0
4.120476047573329,2.1115920124640692,0.0
1.788012964558106,2.441683846560041,0.0
1.0285278229642454,3.0051226276427374,0.0
0.5576964366233597,1.6548329371679915,0.0
0.08632966990908164,1.4231544004653403,0.0
3.135092784522233,1.1478678194771366,0.0
0.8723297031063084,4.5586305194892605,0.0
0.9102509778298109,3.1939779983834042,0.0
4.875130719220763,-0.029777687815976783,0.0
3.820494338443351,0.6224944466377944,0.0
2.6321747573498953,0.4041157934664277,0.0
2.1949307305204253,2.092794639496116,0.0
0.03330318418729883,3.2405923973490047,0.0
3.540227256045065,0.8573459717513066,0.0
0.26473632541701253,3.347075309389928,0.0
5.512114567273238,2.4935868697264634,0.0
0.535673494028098,3.0691192834608625,0.0
0.5951830021946407,3.1975527419581193,0.0
2.715212737738574,0.7469607525788484,0.0
2.998072761753085,-0.6739801960946412,0.0
1.7228592147062283,2.126758376423551,0.0
3.39760020726726,3.341243929671363,0.0
1.460329149112339,5.360476144195567,0.0
2.5700426667180247,2.166958030301112,0.0
2.5527995644113863,0.5289564892031433,0.0
-0.5660177346441375,-0.10169443160439684,0.0
1.449685996996216,1.8356490403592858,0.0
1.4552345860201554,2.8815661451897103,0.0
4.856096233491895,3.1501556464425873,0.0
4.480138240683714,0.24791311128265803,0.0
2.2014320489940067,1.3221616454285168,0.0
0.7040479694313431,2.212148319223697,0.0
3.3633579949649244,1.349703388104015,0.0
1.6476034612796675,-0.3710549640437337,0.0
3.2901828344359183,2.7771541393156447,0.0
5.127139899454447,1.4048080224774038,0.0
-0.6281552476036278,-0.13829025242411808,0.0
2.4091178878182644,3.6181720829276443,0.0
2.399666193252356,1.180624032695666,0.0
2.0794316416986955,1.009895103591001,0.0
0.3710873647649293,1.9492125936801405,0.0
2.993342611943981,1.4987525148592975,0.0
2.615923153068544,0.9670979816901304,0.0
1.903566428018502,0.9926813904519607,0.0
-1.0843868148703768,3.673154645954466,0.0
3.037722656088242,-1.0210470133442806,0.0
1.0285795815216834,2.9909726824444443,0.0
3.124572835927741,1.7368395679268118,0.0
2.6747351383352593,0.9614113912523172,0.0
4.976466105181128,3.4388238785217853,0.0
1.1130176621200873,2.9886585269543056,0.0
1.312085970890367,3.1486425265906495,0.0
-0.10009444100872589,1.6248608867228866,0.0
1.629573687002668,-0.5165599349293335,0.0
2.361734342761019,0.9767340390114483,0.0
2.229876630083382,1.5824589892789238,0.0
1.1687959742838336,3.096142851488268,0.0
4.657074872897721,1.9243977203005393,0.0
1.864321619783685,-1.4142893665139136,0.0
0.787110768696009,1.6618866031219361,0.0
1.8858155975120146,2.2107266489217174,0.0
0.2623163541069866,1.7138668583446133,0.0
-0.3818775664485985,0.9106009936932349,0.0
3.9476133588899973,1.0678778736835028,0.0
2.798308154259035,1.8448814345212223,0.0
2.1253078162024934,2.6593833316225703,0.0
0.5524476831639427,1.4278378847614885,0.0
-0.7424954868626528,0.6644662763380313,0.0
0.7506359166973706,1.2702920664100716,0.0
3.4140366302343716,1.6484598395514651,0.0
0.8906170839957444,3.3245623733305747,0.0
1.831306935946128,3.119108512146161,0.0
1.9140725533978535,1.9331281420479642,0.0
3.1254013034850425,0.9062386100686519,0.0
3.2110017398028625,0.02759524883130071,0.0
0.2670139538937575,3.581837919797674,0.0
2.87012777526128,1.9420483926553884,0.0
6.830664297053396,4.384356213209454,0.0
0.6688407475737936,2.0671352988541294,0.0
-0.4530165461426052,2.0970804548488227,0.0
1.916424243328141,2.5093883029640125,0.0
2.816097587094942,1.1032748485051944,0.0
1.611911100906548,1.1926446098011971,0.0
2.819557328717403,3.794703739992044,0.0
-0.836498760419329,0.13120919880679338,0.0
1.7725857824348918,3.7368451341543865,0.0
-0.812602438815996,5.358797678582345,0.0
0.17813663647327083,1.1366762597395148,0.0
4.656445324512211,2.116362559569633,0.0
3.4706626903781395,2.318683086037611,0.0
1.474077270864648,2.420604109996447,0.0
3.554357763306286,1.0210785837604042,0.0
2.3675066209677187,1.3100788860947143,0.0
-0.023506521627052024,4.910066335807124,0.0
2.3417309766020025,2.5785272720322916,0.0
1.374714049281884,1.2556481745554717,0.0
0.3148850982191591,3.4384807047922124,0.0
1.8604467189309664,3.9816765222210586,0.0
3.008979195470955,0.22172958360775574,0.0
1.9916439137234618,2.065265605510815,0.0
-0.05767587336215119,2.695977320889096,0.0
-0.002959373120891673,3.4014167105997712,0.0
1.9105594560928374,2.791068123731356,0.0
3.6691216795348955,5.444114389410817,0.0
1.2152022457752998,3.283459319459679,0.0
2.418846644231455,1.5087169929488438,0.0
2.8057729570945646,3.213272552667304,0.0
2.0204818153772006,-0.5099933880260523,0.0
1.677789255203375,1.748531721201804,0.0
0.23073733584007794,4.859584399492245,0.0
1.5439082552689372,2.4810150959224275,0.0
2.253421606076791,2.129884243462547,0.0
2.288732883420032,1.7069755214889293,0.0
2.82436159080813,2.574482848518043,0.0
3.189432429247452,2.2346188902744446,0.0
4.3782019737463695,-0.6378319822271123,0.0
1.8162621362548292,2.8898458313397053,0.0
0.9765220874477878,-0.535595853967247,0.0
3.4560307594631485,2.032255471945213,0.0
3.0698287775411215,3.4017122992223916,0.0
2.11800989731627,2.247595017581755,0.0
0.7097231413544614,2.1557054117260113,0.0
3.447556221606027,1.5952663028460943,0.0
2.662898491985186,0.5486519759050503,0.0
1.654834880453615,4.19842330149182,0.0
1.480561840539058,3.3572629634465794,0.0
3.777356783518779,2.42230333405356,0.0
0.3649241361795299,1.6707267060197641,0.0
0.4336212785077185,5.118278493536417,0.0
0.5146909477009065,1.2758237342578038,0.0
1.8282149091730957,3.7529414503717575,0.0
-0.10882254253935475,1.6844130820622085,0.0
3.467744106372867,0.07720718502826518,0.0
2.0637939505153873,2.712928384095521,0.0
0.3072579421401542,3.341248517642865,0.0
2.312507725418201,1.7189413185991085,0.0
0.4968260313817834,1.7715790980586026,0.0
1.9193999160653394,2.4436056557524393,0.0
3.111668282860327,2.037611154934485,0.0
4.046929126578478,1.9156151833233737,0.0
3.1811213248414107,3.0386259014290102,0.0
2.981343768123268,1.571401553544284,0.0
5.133586142032957,1.585410691083358,0.0
3.5351988723443823,1.8387405108397492,0.0
2.1507064899532313,2.9502346960071053,0.0
1.537554532752854,3.268098688642307,0.0
0.9275602262482816,1.6027430558322497,0.0
2.595637081561435,2.160429752680428,0.0
3.8807443783724818,1.9839100335877384,0.0
1.487131215884122,1.8175628378458333,0.0
1.9744995361404243,4.065306087696455,0.0
3.3717085258209836,1.659860019321109,0.0
3.149861422770397,2.9884403300221942,0.0
2.812579833141916,-1.0387795159478816,0.0
2.015782655004994,3.318338438012589,0.0
3.0202403314704913,-0.08710934999969,0.0
0.7465220837291577,3.2697591267374797,0.0
2.451243670050878,4.129482763240905,0.0
2.854932460207744,1.132551520727811,0.0
-0.3107678540639114,0.8532866049733514,0.0
1.7939936257866855,1.4839710314950947,0.0
2.1603246615692466,2.213100361367064,0.0
-0.7237942503622592,1.7721732864573285,0.0
0.7934307949646033,1.5750935625485871,0.0
1.9631674389982665,0.9783283825097369,0.0
3.2732419462608737,2.5591001508897264,0.0
2.8246728439643007,-0.8365719853807843,0.0
2.2057613089492087,0.6257678583744513,0.0
-0.2128530419392911,0.0058964276498172374,0.0
1.8442428910053332,0.15506559081814952,0.0
-1.8258025775708147,3.115641184329883,0.0
2.7623229467899293,3.3327787293540907,0.0
5.1201768537064645,5.228650024888858,1.0
7.350035521663367,2.0240549690386547,1.0
5.870979138769526,4.174903500783716,1.0
2.3921948300128166,5.524886635762026,1.0
4.461519955618684,5.815724416401887,1.0
4.7226861005626155,5.456871187474675,1.0
3.9527490602294204,6.486488187023111,1.0
5.922900143127071,5.0982438797852225,1.0
6.374443568778247,7.642513334147988,1.0
4.148982098254501,5.552060176024122,1.0
4.1840896082772465,3.4069201353839196,1.0
1.9165617627134912,6.227937861721772,1.0
4.438491955140894,5.285862030342117,1.0
2.416955383257833,3.9512510449948475,1.0
4.548698846735458,3.344194267362269,1.0
6.802066189011296,5.279394194443259,1.0
2.492742700126876,3.2862936976375794,1.0
5.289503190228112,4.9767155305846735,1.0
6.963269747309194,3.9265260513998266,1.0
5.061435531980145,7.62786067476375,1.0
3.828539805002859,2.9063444887960883,1.0
5.633002104479138,3.0146327075536448,1.0
5.754831572869886,2.87914813998255,1.0
5.444002378110469,8.77106748459067,1.0
4.174469268926749,6.57383169389453,1.0
3.6293796367478683,6.146125985647599,1.0
3.8534536432916853,4.460523234878299,1.0
5.116900346223967,6.541399245573089,1.0
3.1393759479031638,8.067398485449413,1.0
6.376025776204301,2.946772232415789,1.0
6.390927996219618,5.017370536723917,1.0
6.675296962031848,4.368655538851866,1.0
4.903033047911118,5.577703344410098,1.0
6.040960461571965,4.744747022423239,1.0
5.184022183537935,2.3422577498846993,1.0
5.785711961782788,4.799460978755383,1.0
6.782467589654249,5.140442790407211,1.0
4.777401950890354,6.167631903885701,1.0
6.360121557482292,3.994957950664584,1.0
6.987474400598637,2.695355596826503,1.0
4.5043635498884775,8.985843961706166,1.0
3.4577395248581246,8.465061390396318,1.0
3.91317531020458,6.840483251583175,1.0
6.862653151731013,1.4713530523958314,1.0
6.4516854180019525,6.128230043083437,1.0
7.185453042760313,5.447337048947184,1.0
5.44973155539277,5.402437672324036,1.0
4.068269693199442,3.7876148905800364,1.0
4.558882974635969,5.555465520502368,1.0
3.692163083078099,5.196182789336345,1.0
7.846796014627357,5.607620871400196,1.0
6.8056051492977705,5.204951459996809,1.0
4.706514088296831,6.093957741182363,1.0
3.593375158809315,3.789851866233561,1.0
2.735691769056688,5.2180570003712745,1.0
5.321096900031432,4.580741981725383,1.0
4.282540775227297,7.193964642093022,1.0
8.254563725448497,0.9051791946142114,1.0
3.904915666724885,6.746862460999452,1.0
4.502730787972138,5.415123587961813,1.0
3.209640296459818,6.4629777969487865,1.0
3.688741858085847,6.945565190948846,1.0
4.775163228446725,5.347044879268649,1.0
5.420259200350636,7.053116764276945,1.0
2.335076013877977,5.637764999858451,1.0
2.995164701818834,6.0855012349443545,1.0
5.904064635577378,5.955778769455285,1.0
4.123469016436198,4.2058311949332285,1.0
6.196487778919007,5.373763115556425,1.0
5.084162679242495,6.131649189270813,1.0
7.733442937418996,4.268584449286784,1.0
6.889615225861014,3.2648742018674457,1.0
5.271950981820576,4.349494510607704,1.0
6.354217608398223,5.826074290808176,1.0
7.1405099329913115,4.349198473740644,1.0
2.7507187717925374,4.039979207628153,1.0
7.165720322563613,6.553439129866488,1.0
6.004025205312898,5.5567562253515,1.0
6.215571111366148,3.3524797781182496,1.0
3.730944856702652,3.1351410629800016,1.0
4.485162309840315,3.102635637008446,1.0
7.496068483377191,5.060664198290515,1.0
6.478628485138399,4.316595114688266,1.0
3.9591142670031934,5.019142627710678,1.0
6.569818962189994,3.558088301920405,1.0
6.026719983413071,6.510839457242876,1.0
4.137136013536118,5.620380749266162,1.0
5.079444714650623,3.7382098910792645,1.0
5.654473980657177,6.194077824132724,1.0
5.652992571828906,3.255988750907176,1.0
4.004816862502273,5.2334450933519925,1.0
5.247746030211874,5.581063496395665,1.0
5.5736841223208895,2.8018796797307917,1.0
4.974495598129701,3.1087770109328643,1.0
4.947252657108226,3.808676853788832,1.0
2.573624708612883,4.844644001481197,1.0
3.518888505379441,9.562769133265611,1.0
2.07537460656081,2.446750924526511,1.0
5.341998778819489,3.963722466560361,1.0
5.485955976594736,8.0380650082259,1.0
7.603092625021579,4.997066953224135,1.0
5.776192681309204,4.801234936766386,1.0
5.576419334478771,6.651723882531495,1.0
4.7541657911690836,1.3773084490045227,1.0
4.2932562550636595,4.551314038344504,1.0
4.797695508780485,4.178466477864381,1.0
5.450014801623385,3.383562924241444,1.0
4.889955898828358,4.963473597054693,1.0
6.945580329548012,5.115431777259229,1.0
7.330275599106105,4.917366297953348,1.0
3.3746099627590405,7.1690790028649145,1.0
7.645954229211809,6.600143085421436,1.0
3.129422784503275,7.644417845252425,1.0
6.8251751417305435,4.669055948639074,1.0
6.827112741414426,4.918104203191378,1.0
4.892999431545787,6.4195511220225,1.0
3.120412934300581,6.547915877955415,1.0
1.3659275544856593,8.076958061312224,1.0
8.635213347993119,4.764883893883281,1.0
4.455471196967055,4.3820596116879935,1.0
3.485844104353371,3.4521053007895306,1.0
2.9299312451196693,7.299709426848426,1.0
5.26182002337918,4.451354851931609,1.0
6.1408415916523955,5.344736396302726,1.0
4.392957740458143,6.095526393529159,1.0
5.617394147079787,4.545153150394496,1.0
5.270940529615567,6.140191000683725,1.0
6.652795498612926,5.312193609853752,1.0
6.338765578018954,4.223911623002644,1.0
3.5887888369020877,6.126253389998107,1.0
0.26302359098324146,3.8293489394734577,1.0
2.6533506179321824,3.697489697597949,1.0
6.18889176003435,6.177355844192499,1.0
4.170471497451988,7.227001267261531,1.0
8.013627542116236,3.664036831017179,1.0
7.349685249534664,2.0448250540506403,1.0
5.072572382855591,5.876216482828241,1.0
5.4638006659978355,5.84867349502968,1.0
6.395721118432668,6.218830132477007,1.0
5.570267755819613,5.708990323023488,1.0
2.8528948728454786,4.756992312774662,1.0
4.963605206095726,6.050168856689787,1.0
7.391335168981703,6.0702904217936355,1.0
2.9980881086101197,4.708320623997743,1.0
3.792068679528558,4.775052644731758,1.0
5.137050806756622,5.979578193054792,1.0
4.391148608269516,6.033980979305436,1.0
3.3409604865608573,3.8294997997333353,1.0
3.386307812868165,3.3268571229064463,1.0
2.5486921653732555,2.693101608985081,1.0
4.340894528869618,5.564582137935034,1.0
5.786396264709742,6.595958478765744,1.0
3.168295110716305,4.888983965591343,1.0
4.848440550540354,5.226226341170528,1.0
5.191777933655409,8.093597757480453,1.0
5.925573102683824,6.6182210160810815,1.0
5.264683808847131,6.6494061765937635,1.0
3.603841700741458,4.124347618674344,1.0
3.2506490815444353,4.744797923740482,1.0
6.094635374032007,4.012296477610237,1.0
8.799297178914427,3.0398147589218953,1.0
4.184528892407703,7.678308976850851,1.0
4.667542851579865,6.263394183542163,1.0
3.5233035789568827,4.3114154553004145,1.0
5.115613620023719,6.301271088859982,1.0
5.1273260316333555,7.835970711894017,1.0
5.581829591336977,6.630548002671676,1.0
4.6353541019083515,3.3861432854367948,1.0
4.041985451343916,7.095667400567746,1.0
5.949586316829664,3.2623231816400504,1.0
3.2298634780787383,5.95503619562413,1.0
4.861716638346392,2.380190544142491,1.0
6.9098800160227505,2.6759638776098584,1.0
4.25526548268662,2.349075347008783,1.0
7.063118224205467,5.050219394566646,1.0
5.502200503746261,3.4940902352254763,1.0
5.219122320693401,2.5969941424571568,1.0
3.3048209907166948,4.944777773005577,1.0
6.092230037702691,3.3777070631120276,1.0
4.587033717739866,1.083069388696602,1.0
3.7790672593230106,4.470467378604144,1.0
5.54091395109792,3.8116587070068646,1.0
5.144449845090099,2.8971250117851706,1.0
6.2344413618509344,3.8467831140405253,1.0
6.692256926158096,3.2007642431097683,1.0
6.128636062734424,4.795067520300439,1.0
3.4088111217029575,6.77081757532101,1.0
3.2623777198975623,4.426113158451768,1.0
4.924067187994455,5.7871036311727515,1.0
7.7106664911036145,5.927583482949383,1.0
6.894964546740601,5.236808048650838,1.0
1.2111865344744643,4.8541468766799225,1.0
6.2807861785848065,2.629051441970983,1.0
5.482207784587449,4.655739304037065,1.0
6.7692316121391105,5.357035315664067,1.0
6.070438168805915,4.7532445575864815,1.0
4.9514300904964585,6.812576297906898,1.0
5.432024985268855,6.043444062642787,1.0
2.8998135470006225,4.072062746436533,1.0
4.633906986544097,5.7517663293702785,1.0
5.687136556817233,4.236351694312204,1.0
2.8407108848835443,3.8377118388620053,1.0
5.138677377456053,5.382573278799874,1.0
3.7373640819745564,7.527018903401507,1.0
6.342787190450479,4.173580143830822,1.0
5.956747820654181,6.489645302597106,1.0
5.937060077029633,4.518774382971648,1.0
6.4232164021178635,7.778921024341509,1.0
3.9459580476608647,5.546695356230966,1.0
5.971480560032986,5.841787703155679,1.0
2.9213540212720313,5.420076461977261,1.0
-0.15418817093738824,3.7844059779711263,1.0
4.421018939770021,2.4744084816819045,1.0
4.28840448845244,8.188608496933664,1.0
6.588691355673106,5.095619618894509,1.0
5.342238604203863,5.857519104293397,1.0
2.6323325483317097,3.0330247664723093,1.0
3.089036876847069,3.682085249954066,1.0
4.453286510961011,4.801202226005543,1.0
4.612528570658508,5.253004876120058,1.0
6.428922584040496,4.7863530160043215,1.0
2.1737619524193943,7.01970640954524,1.0
3.2799057863303593,6.16079281867261,1.0
4.409866259964092,4.24979474615692,1.0
3.5801361318887457,4.101101964148264,1.0
2.479442504683674,5.889522779066853,1.0
5.96321768815343,3.31328424423749,1.0
7.597372905041819,6.236257430956137,1.0
4.948689944793294,5.95013548808826,1.0
5.2665269260054215,6.887627477200101,1.0
3.316942813262804,5.09073591959377,1.0
6.449313166573561,9.202605457698382,1.0
4.187045087664065,4.949922875329324,1.0
6.231349626420917,4.675422730115853,1.0
4.907911875176335,5.874263310517284,1.0
5.038538149346085,3.667092756108331,1.0
6.189321340736157,5.611551285963043,1.0
2.73965452943842,4.545312457819859,1.0
5.9161271570345,5.8045038393588,1.0
4.378983217366152,4.796620455827575,1.0
5.391397949678295,5.145218864176218,1.0
5.1054261508003975,3.9969522793369188,1.0
5.698990250982005,3.9376524414249285,1.0
4.489872465202315,3.021285403024014,1.0
4.319225783614459,6.209987939885975,1.0
5.681130474715043,4.321139513953876,1.0
6.401022755027292,7.788131945871089,1.0
6.343128165233955,5.716805476998573,1.0
6.94850405640425,5.91552130193325,1.0
6.318063913411706,6.603862251775573,1.0
5.404194989143667,7.001300627240292,1.0
6.263779682624313,4.022692539936345,1.0
4.888251793833459,4.550920136023669,1.0
2.8740473217514437,4.697163012314164,1.0
4.32098714415919,4.35727689234394,1.0
6.388774955768605,6.914690701334952,1.0
4.658384051660347,4.610344378254151,1.0
4.508635488241158,6.175880118920934,1.0
6.195302124841115,6.689523042194165,1.0
3.309133994031119,2.581867737097129,1.0
5.277587904488287,4.726793233739521,1.0
5.912292013091214,6.329382877185649,1.0
5.790348766150553,4.4582890250999,1.0
3.746507459010071,3.3464325308865464,1.0
3.421896532619146,5.290564734069637,1.0
6.30233526852637,7.557922414329901,1.0
2.959629102419634,2.7769936962592605,1.0
4.724390012054671,5.641491179506738,1.0
6.321276874303718,4.343298285218559,1.0
7.848766136637541,5.3641900235192,1.0
5.151871066114516,-0.20611393991727311,1.0
8.199362017514494,3.9381477004178764,1.0
2.5519456677413976,4.594768818385643,1.0
6.614871874587446,4.663442023901677,1.0
4.540781200648197,5.550443846168344,1.0
3.033052398517309,2.3843495584600105,1.0
7.008304360593966,5.912029892802829,1.0
6.022113119069522,5.071644846523905,1.0
4.1343571319301455,7.061733622317319,1.0
6.400413965990396,4.036849849402033,1.0
3.4371835145184875,3.7684707326419336,1.0
6.757348287288229,5.286423671322884,1.0
3.637456907891438,6.228180225318122,1.0
1.117279423528677,0.625572478328225,1.0
4.1909956448425145,2.381789198748938,1.0
5.957339181875967,3.86925250576857,1.0
4.293952782120247,5.361038242437122,1.0
5.009025801189623,6.989656861829811,1.0
8.797978319085384,6.253550758123112,1.0
4.373205882171257,6.306429807756633,1.0
5.583953474899442,1.0887104209153278,1.0
4.300319971391905,6.119742724212637,1.0
4.110617715304924,5.230440573632655,1.0
3.8698583976123215,4.709230879508539,1.0
5.380461058996775,6.076300233506955,1.0
4.768268724078844,5.407739668817255,1.0
4.6041938042078305,8.567326305319686,1.0
6.0835274177317,3.969021490578551,1.0
3.2380896093314484,5.464465221542103,1.0
2.844798672178756,5.570333264086582,1.0
7.373546106372876,3.254101505804072,1.0
4.59556152409045,3.270368508455247,1.0
4.739823813538382,2.788707009521355,1.0
4.154341324784344,6.98962476300523,1.0
4.542954383302807,3.7634705931721064,1.0
6.5867789357666275,7.948488332790823,1.0
4.758764408226415,4.284201000496176,1.0
5.201661766168295,4.02196635094807,1.0
8.901962567529203,5.928705291783215,1.0
3.4576199380819994,4.223657106444857,1.0
6.7241644821939595,2.2563059210891936,1.0
3.284348975710605,5.1060704697740436,1.0
6.038679330718298,5.222869221778235,1.0
5.605701802564715,3.973431510538687,1.0
2.902067913388655,4.614634926576382,1.0
5.837785333243502,8.223314535698048,1.0
3.2914702231987416,4.531375793620037,1.0
5.708768655402544,4.9101222369428115,1.0
2.377456625848474,3.1153741090993634,1.0
5.190973614471343,4.271265656136934,1.0
6.195321061962961,6.091149559633233,1.0
6.418449450910523,2.9134778253226874,1.0
5.756856807158396,5.857465608947618,1.0
3.705256873423787,3.4027485997777145,1.0
5.870588429216558,5.575625643355576,1.0
5.4435661625193745,6.055171031261487,1.0
4.856789564820302,4.5829612206667045,1.0
4.228432422894129,9.011613134532272,1.0
6.493965152219836,2.628256177470656,1.0
7.362756545902913,3.605643749110186,1.0
4.41253210959095,7.543467822735606,1.0
6.351979740912033,4.825934484812668,1.0
4.928637371618426,7.349532673743276,1.0
3.576680855324171,4.6244480622249755,1.0
5.121275042680824,5.474919085863722,1.0
5.230802698892639,4.20788614045318,1.0
6.069272882125118,5.256091948701617,1.0
5.552228688555764,5.15115236888628,1.0
9.361706777809967,4.38424894233181,1.0
4.282350092917561,5.7666853015475255,1.0
5.083385630109775,5.2782536636785675,1.0
4.54655583569495,2.770208427668268,1.0
4.957673799787908,5.514379160094448,1.0
4.676726870400546,6.323586359729085,1.0
3.5288490310022422,7.46580798443639,1.0
6.214583633892596,7.591402213642549,1.0
6.427510016503806,3.889932417731792,1.0
5.483267956141072,5.877806573124,1.0
6.196066692127476,3.2105498835754878,1.0
3.160795182787986,6.617238570692727,1.0
4.620426642313265,6.102015683541034,1.0
6.111882508228649,2.6565295048118487,1.0
4.710635549199548,4.271086943275702,1.0
5.791667948046465,5.980940466417941,1.0
6.087465523831122,6.854393346895429,1.0
5.642433536724467,6.564395474206218,1.0
3.9953876757771365,3.021009438260602,1.0
6.8656194635744345,6.533249848148676,1.0
3.949010388986581,6.366874840675138,1.0
7.2382025861952926,4.659492666075161,1.0
4.502387522128942,5.863223510552949,1.0
7.200228408214293,8.04714593973738,1.0
6.33360327656143,3.957808825845541,1.0
5.953555212913783,5.145157952563528,1.0
7.759902171786379,6.520444087390915,1.0
4.8179278148324824,5.138455473086351,1.0
2.572864528019072,5.979409554442913,1.0
3.900995891642558,4.772321897107977,1.0
6.397569006241557,6.331378347342987,1.0
6.344631266505582,6.541489619620235,1.0
5.222072877402444,5.941905821733381,1.0
5.076966197097168,6.532357637637187,1.0
7.84046218074578,5.512888133151541,1.0
1.916026779564326,6.211018003449526,1.0
7.95379197132805,5.2791305337170185,1.0
4.741959911399027,5.9385987663994495,1.0
3.1166022005798135,6.227397504826534,1.0
4.031926864442441,5.030341666442908,1.0
7.2831624946813385,6.613223531282399,1.0
2.876375361104091,4.594838102976094,1.0
5.188566156836843,3.957023716136638,1.0
8.027440639847446,5.309342946986025,1.0
4.227976123080119,5.844347189330478,1.0
5.499283386790488,6.896543640506007,1.0
5.222748611100233,6.591824159688871,1.0
4.7306814455306165,5.426132897829961,1.0
5.396563813319656,3.1942937278619996,1.0
4.238006720116017,2.778145129535298,1.0
4.340541122122594,4.606572257440608,1.0
5.7496191447948215,2.942562171355515,1.0
5.337205470732996,7.112997889792462,1.0
7.43082454132254,3.4129656834047966,1.0
4.870867987141465,6.2447255119301435,1.0
6.726926476254842,6.674961500055016,1.0
3.0465941606528277,5.252422355801989,1.0
4.474780071402989,4.8478275870996805,1.0
5.501590558570086,4.986689212734163,1.0
4.983285398481017,2.9514476169315644,1.0
4.1325208025973525,5.571545003967497,1.0
5.7789947368554175,5.499830588346343,1.0
1.1648877300819964,4.781998579284553,1.0
6.986303965075921,5.806378171205386,1.0
5.7856722842546375,5.368833256802648,1.0
4.075901347245013,4.3898760717882785,1.0
4.998855262234661,5.259835276125463,1.0
5.755421404073652,5.558722575452474,1.0
5.829188830950434,5.216025837209354,1.0
6.399623750913661,6.422353004445258,1.0
4.009532596446281,3.8141081624226154,1.0
2.9717180552905953,5.412177217803224,1.0
4.64389287927847,5.258851356306462,1.0
4.161651070862412,4.934560897726609,1.0
3.63761949029624,2.9754264155060266,1.0
6.705967688883771,4.167328541643031,1.0
4.323988382153256,4.533800476054973,1.0
4.919923459110875,5.043031109171481,1.0
2.8445984537863236,2.6834324105019594,1.0
6.156706701408874,3.466756005900238,1.0
5.491044634466419,5.160386049351999,1.0
4.838275738522859,3.2244614395956104,1.0
5.5465021566675325,6.5784073017647255,1.0
7.224264863445109,3.513231433615551,1.0
4.805097484240497,2.993080056613107,1.0
4.3968282789616495,5.386361894572135,1.0
3.765815720267919,3.667355172001156,1.0
6.623925816892477,2.5385550392319414,1.0
3.726031065308894,5.545817333487399,1.0
4.633528530624574,3.880805120073866,1.0
4.693936409701668,6.189532096334224,1.0
4.312659129263197,8.430677224778577,1.0
5.469401497560911,3.088800921007364,1.0
5.387446650565328,4.60717241076271,1.0
5.720680524648905,8.392262961578192,1.0
4.151769071360436,4.2015156323328355,1.0
4.71807270669413,7.593449900211915,1.0
3.324418931632443,5.163782660752347,1.0
6.825826911005573,6.513502598644111,1.0
3.485622127549827,4.979696974359662,1.0
3.4373740192556888,5.643271531850888,1.0
4.488614603226269,3.812805306746035,1.0
3.0327786108298427,3.8744125244228327,1.0
7.46794181802578,4.968603686879867,1.0
5.994210363239225,5.356606008885366,1.0
5.630168150242173,4.508615296151087,1.0
7.344723759822575,6.260086962007882,1.0
5.955831096334876,4.14690653006183,1.0
2.9893286416179654,4.041247350867237,1.0
3.082912881100453,5.016373328485516,1.0
3.029391643986092,3.630751288543022,1.0
3.4146102896742825,7.985133979601968,1.0
6.3860986559254345,3.0525073794483295,1.0
2.9426004577438016,4.099054808889636,1.0
6.753157194277222,4.8918585308156874,1.0
3.340370408986561,3.9969249691437145,1.0
4.301541938670565,1.946832813546946,1.0
2.8855437426713073,5.796222213944297,1.0
3.0387813588490276,4.80235299006533,1.0
6.008470370548597,1.9266507600632856,1.0
3.599205248771156,7.100479284366628,1.0
5.846475602318584,2.760510162404742,1.0
4.851188487310663,2.6893218864700126,1.0
4.97555046659921,7.327385070382181,1.0
7.081471725791545,5.090906558357433,1.0
5.259356577939233,2.9979716073666567,1.0
4.633672705669817,4.366088562201201,1.0
3.97646271879073,5.842504554712088,1.0
6.5663473391588285,8.19631570477955,1.0
3.248973172089593,6.659880666140628,1.0
3.388031667028936,2.6851136011291894,1.0
6.946308733105775,4.120810794350356,1.0
7.279880449208804,9.167850286189811,1.0
5.5741754550972065,5.110773893500956,1.0
3.1875251552747064,3.9362854160109277,1.0
3.998604344811726,5.621757406915605,1.0
4.577477126354067,3.877496161171924,1.0
5.900026261578049,4.823118359234118,1.0
4.711890795131948,4.018054084698991,1.0
6.2349110401463115,1.8169726750979907,1.0
4.150979047438371,2.86808721957665,1.0
2.5790474268211754,6.874816187978924,1.0
4.265543083055647,4.715268822163024,1.0
8.216826655599258,7.562936578666134,1.0
0.3280546076297881,3.501573687045563,1.0
3.9038130631076795,6.414423621864166,1.0
8.243069297321808,5.430490726583876,1.0
4.427442073938435,7.091853628534768,1.0
3.3594775378008466,5.406252668747463,1.0
4.2165221529920265,3.624060165854419,1.0
5.957200278764312,4.384257488418377,1.0
6.011309238423047,3.494816694507016,1.0
6.89137965636433,8.125776602177552,1.0
5.02524764794164,6.095179322171095,1.0
6.545109959416035,5.096383056995566,1.0
3.3960840394398564,5.918203579861891,1.0
1.740995469456374,6.675976170422263,1.0
1.7798378900574203,3.6614221746406264,1.0
4.2771509510413495,3.6672394717321044,1.0
3.4276899540265613,6.527333880860496,1.0
7.094587640095131,5.161905619308449,1.0
5.302594388151529,4.481851289730196,1.0
5.552739671510572,4.395830794516255,1.0
5.067017149926411,4.123572676279966,1.0
5.25505843173368,5.533355351366043,1.0
5.021410390354736,5.010828455246927,1.0
4.086538605875505,6.184489608853175,1.0
6.133152324011787,4.069691631581598,1.0
4.694124554974026,2.9579413830797434,1.0
3.7117043428055343,1.0092996809315098,1.0
6.5364098954489585,2.1687907978872443,1.0
5.351524578373501,8.413872563285457,1.0
4.943083384653334,4.559611216508976,1.0
6.939516175325511,3.425957585480418,1.0
6.158405904406958,6.383267951295364,1.0
4.498686732219491,2.999922385110085,1.0
5.356639736963671,3.718415532787825,1.0
5.548789142268635,4.930265025041674,1.0
3.754343958352849,4.537408663268028,1.0
3.2946358250848107,5.575491984011942,1.0
4.182741485066056,7.663960718800189,1.0
5.467860941323762,5.576415286121064,1.0
3.7034452070548722,7.911851130910568,1.0
5.983491208305813,4.938496335402958,1.0
4.974996601088397,4.171706825328636,1.0
4.610157061728674,6.263130497477832,1.0
4.885482540279529,4.527759960521294,1.0
4.169552493136619,5.6725908251043045,1.0
3.0978396783657978,4.584033254484228,1.0
3.666345036696281,4.457516517958443,1.0
3.3935248227844093,1.297475275684984,1.0
5.5368970283556465,4.941551717005382,1.0
5.203670727410997,5.0928080564705835,1.0
4.677695548297423,5.9193204713329415,1.0
5.807994352077736,6.32634115564611,1.0
5.548590688513449,4.6279069485775475,1.0
6.720397466682041,3.7284412740881985,1.0
6.328749312063521,5.334356788330314,1.0
4.840889183721505,7.057637750816822,1.0
6.5660818746083045,5.619184633263646,1.0
5.630420411479674,5.160390423261668,1.0
3.012399456665415,6.060660640027112,1.0
4.051149191182539,6.294233577828965,1.0
5.207533808576235,7.7941864551531665,1.0
6.9099397447445945,4.723832839130478,1.0
6.367000087172039,3.5817034645091903,1.0
4.555026906931137,5.815690863609309,1.0
3.857676625022976,7.590738723247563,1.0
4.346346445596788,4.045729551583324,1.0
4.88195295793542,4.018940276116397,1.0
3.1641737879920875,4.788673454685042,1.0
6.83195710016563,6.446452585764199,1.0
5.0349980657741655,4.196108771466009,1.0
5.977445611557785,2.646414259568363,1.0
4.626627586072008,3.0320983786666296,1.0
0.546282507427005,5.548472136681853,1.0
4.697851759326264,5.121306676722586,1.0
5.426993664163726,4.645319548994873,1.0
5.628721177967069,5.31309763705522,1.0
4.153304336640028,2.222559578574832,1.0
1.9463688792125309,3.271820307693411,1.0
7.654224076359173,4.300762774774673,1.0
5.821093149390264,4.2964012236486955,1.0
7.674405483381872,3.9021508773864175,1.0
7.259632051885236,5.0192688333870015,1.0
3.5777827756215044,5.692019718043132,1.0
3.9412062176537863,5.390920962077721,1.0
3.9939915571618236,5.967108838813429,1.0
2.9044300418824758,3.534374095946319,1.0
4.076665959473653,8.19018142750442,1.0
4.142259786777835,5.009406984754677,1.0
7.361828090063671,3.5919645525958934,1.0
5.09230369060567,7.322107828546033,1.0
6.660166205455941,4.74226731377336,1.0
4.036277041018881,4.431678384677142,1.0
5.509312118018174,5.256276762957367,1.0
4.804742228350413,3.621509869208791,1.0
4.138818192866639,1.6363108638196975,1.0
6.098856187330143,8.24995862837629,1.0
1.718989106109186,7.064568473470413,1.0
5.477448205287937,5.459376900089355,1.0
4.036027367322017,2.526992871291718,1.0
4.678069065549729,1.143909883195473,1.0
0.8031927770712182,6.329076444088932,1.0
5.5272022673772785,5.375154039980837,1.0
7.445228042016224,3.055175632967962,1.0
5.324359084392395,4.435668494369045,1.0
6.779354469920595,5.294195942309854,1.0
4.941267322053928,6.773155487266303,1.0
4.550393067669402,4.406912528802394,1.0
1.8359221227306475,6.037799264912756,1.0
4.45650581531736,6.023071813303724,1.0
4.5162043200021005,5.557958253310552,1.0
6.66126916330262,7.204078154042,1.0
2.8088869146156954,6.491558826239834,1.0
3.449811446156017,1.7949533533689364,1.0
6.694781390582151,2.9587423469638807,1.0
5.082272294229955,3.8512642026478057,1.0
2.11279030431863,5.920288008309612,1.0
3.8426265817753498,4.433165853763087,1.0
1.7770685530515533,5.994310085908625,1.0
4.472263444655176,7.796891795674145,1.0
6.383776281130092,7.299181577329307,1.0
4.9757822421504105,5.789843794908074,1.0
6.6300064873359545,5.215736111829626,1.0
4.812998155931795,7.376232789246973,1.0
2.4544411654116782,4.536259098233321,1.0
7.0123291269673595,5.490316207461326,1.0
1.7127743958989514,5.747687422881651,1.0
5.319310733621838,4.306012097908769,1.0
5.868434033953189,4.756811020245507,1.0
4.080965133904854,3.0348997831577993,1.0
6.217060747294035,6.151621329659365,1.0
2.5971217480973277,2.7210794272706833,1.0
5.476928230504275,3.754369654370013,1.0
2.7422913194792464,4.323286524082353,1.0
4.664022965373324,5.964526892271685,1.0
6.175807762307488,3.8858672094746236,1.0
4.977195390631012,2.443783706994739,1.0
4.912808164196342,2.9109748663793993,1.0
5.023437544112731,5.297480794597452,1.0
2.199306000207907,3.764562973369153,1.0
3.1891600313229853,4.072473017347539,1.0
6.0216887362404945,7.3323790214905475,1.0
2.9144544320278523,5.311914747289523,1.0
4.42997082369398,6.364787327977506,1.0
7.40589785229405,3.5295011542832064,1.0
7.394539402878415,3.6397546267724024,1.0
4.280789004540549,5.459456963833638,1.0
5.911279382472329,4.910060056974037,1.0
3.9573856971088017,3.4238473601406154,1.0
4.44469347853716,2.825414420504896,1.0
0.36219277694136487,3.8532393728217884,1.0
5.771694486499328,5.398739469458333,1.0
4.20390615627656,6.86539558280925,1.0
5.8852612815384475,3.779010431067137,1.0
5.666927007701309,3.2564751634730777,1.0
6.245397006404213,4.962394773563284,1.0
5.817992440092836,4.010621824297469,1.0
5.288161511133051,4.884260248284357,1.0
4.0295747767578,3.4903731235053455,1.0
4.109624998550312,4.386529455587438,1.0
4.360506607103977,5.682400362415859,1.0
3.6751803569651655,8.068226336483827,1.0
2.97634943406693,6.015585098351213,1.0
5.460129537342597,6.91289230731681,1.0
5.021649943245354,6.055558189785194,1.0
6.222331903335126,7.4101263594666555,1.0
6.008895734887286,4.9980794508046475,1.0
7.056382780608633,3.6884068437420323,1.0
6.0374221648391,5.500071336514853,1.0
3.9782282511729585,7.840890565175284,1.0
6.1735102078986435,6.424619484077165,1.0
4.069061170377909,5.75948048106777,1.0
5.444220513073831,6.522784979215127,1.0
6.19653822610008,4.4541567631189665,1.0
4.867905931212188,4.6901721271857015,1.0
5.507662775531505,8.656731028531578,1.0
2.815382764297131,6.344033985408224,1.0
5.948345983472143,5.6541930434286405,1.0
5.244751121858258,4.878791386619022,1.0
4.890333915339211,3.7279454140341333,1.0
6.316831232076487,6.238715520268813,1.0
7.743538807301484,5.564740414925021,1.0
4.984622658264985,4.962979085486542,1.0
5.492180743191939,4.800241556600209,1.0
7.680346721396328,6.0424579455253316,1.0
4.34629955464086,6.034398712993966,1.0
6.377276704336723,2.8221312365397737,1.0
5.422215112252581,7.215747547501618,1.0
3.945039844833496,3.3282109477884054,1.0
7.478535321462122,6.0022661942442355,1.0
5.488073453104018,5.424926934628107,1.0
7.409671055790289,4.442735942796019,1.0
4.260373447771356,5.7111558680395405,1.0
3.5656870229175888,4.801432673310506,1.0
3.0245970239269515,5.359635531773637,1.0
3.7119289970904523,3.305234228361278,1.0
6.299336930771675,3.842169445767966,1.0
6.269515672154091,5.126030038326519,1.0
5.203397943682222,4.295048095993557,1.0
5.821987720127372,3.7738632838873185,1.0
5.970252173918122,7.923248115671717,1.0
6.343092078488091,5.514006338168095,1.0
4.0078494156206075,5.943936943504067,1.0
6.884564469710245,6.932850743749894,1.0
5.885085187482037,6.6386035607619425,1.0
4.377885295511668,3.2887663378417775,1.0
3.212581412630305,6.017734121064176,1.0
5.93748813309278,5.017856412552249,1.0
6.468676510423284,4.387763053378293,1.0
3.818937831040521,6.053753585260729,1.0
6.976038778580157,5.531827165645162,1.0
6.506344537839764,6.856787598111294,1.0
4.437808805382462,4.258380537103079,1.0
6.389878182618213,5.362809097772813,1.0
3.235584628245862,4.907256747282884,1.0
5.58515493186016,3.8500871672655506,1.0
5.442961301034371,5.032346776396606,1.0
4.398204143207699,3.5207894182030754,1.0
4.5345741552967205,2.0342003865199034,1.0
3.963772980502788,8.4906985335346,1.0
6.064914045842716,5.1341490982799955,1.0
3.0652304422254497,5.958262800864981,1.0
5.6671667043771805,4.092448867845622,1.0
5.138628431431425,3.089415105100949,1.0
3.8927878200918036,4.262749725155332,1.0
4.1675483878001796,6.449184764303382,1.0
3.2800049605632307,3.231326823397848,1.0
6.86707533519568,3.6801771605123665,1.0
6.893933611476644,5.296047809675878,1.0
4.519639803003301,5.907664044858823,1.0
3.9278603539698755,7.7519336365063385,1.0
5.98669160893435,5.644865258442199,1.0
4.943180806755459,6.271588742357469,1.0
6.389668815302268,4.5489392195821114,1.0
5.646497761955022,4.29491625954595,1.0
3.762382392603371,3.7688637173052775,1.0
4.458659991534486,5.106958796138623,1.0
2.003772239008149,3.5736757575647955,1.0
2.6566246107336715,5.275898619799367,1.0
4.453218844813367,6.417319814478775,1.0
8.898104518532392,3.874236297252426,1.0
4.928191113150953,5.024618400944412,1.0
5.7924718772608035,3.578055181723897,1.0
4.67622160482278,5.244310281446651,1.0
5.023497398294021,5.74625708160067,1.0
5.31955823821377,3.933939551883227,1.0
4.028595163498379,3.7878849311627727,1.0
2.8012985452145167,5.255675443743034,1.0
5.33970642459548,4.138489328596947,1.0
4.097010566089573,4.949600612469733,1.0
3.8803794085092274,3.7821581714305306,1.0
5.377178136703735,4.339942138191083,1.0
2.412518446873966,3.5750225511121974,1.0
8.780035938986595,3.960839354020282,1.0
5.784312694493231,4.87320693488489,1.0
7.4258409393064015,5.736833265405908,1.0
5.711276880048364,1.4277002721007879,1.0
3.615732166485157,4.3617402341099405,1.0
1.507409273996121,4.0606674008554124,1.0
6.108076710627916,3.8167003566581545,1.0
3.249328951026929,3.355332497947273,1.0
5.6527943869203465,4.764407366678245,1.0
4.110539545705837,5.7995879180745735,1.0
6.028567287433024,3.635731424155803,1.0
5.133616771993562,5.20473625544801,1.0
3.018274011992194,4.379766556960602,1.0
5.798830753837857,4.412135486514792,1.0
6.73731888195482,6.073779141795098,1.0
4.345727029692205,5.363459649306794,1.0
8.356600329927591,5.130955869850046,1.0
5.137699437608347,3.402683639057451,1.0
4.838109246645817,6.359994608471396,1.0
4.960038852537813,6.8268927761409435,1.0
4.803592980072226,5.28073937752237,1.0
4.544496341020597,5.459824142398234,1.0
5.510867217647833,3.9899834410882944,1.0
6.095151345936616,6.271537257366559,1.0
3.9494838847594833,7.690776167319297,1.0
6.575450889850604,4.101910277752749,1.0
5.503462089951311,4.839238880729881,1.0
5.0623339583958575,6.840572330356923,1.0
5.625477604080131,2.0369948401049514,1.0
4.071832786333576,5.896798464309997,1.0
5.739144364203634,6.105053659434567,1.0
4.113448615180048,5.865901127059259,1.0
7.696266254646323,5.588882149977104,1.0
3.946882588748955,3.372512043348887,1.0
5.988706204394017,5.034038995397154,1.0
3.5114685918348956,8.49325248827936,1.0
5.28984286235168,3.6180372020618456,1.0
7.001268850371529,8.223810713659317,1.0
5.108342913424066,6.291352299715456,1.0
4.958866981360416,8.492023683592294,1.0
6.963259399464757,5.286831146324822,1.0
5.396227775780884,3.800468026454141,1.0
5.879562854431502,5.250365608136412,1.0
5.807457036720258,4.520498002299231,1.0
6.3309860196899885,6.779757171849683,1.0
5.170860656285067,4.506759695735003,1.0
5.414323203228465,3.3245913102170355,1.0
5.25164706845363,3.153249855010464,1.0
3.932624412595572,5.549272586609613,1.0
5.986470506879611,5.346392627249859,1.0
8.095685654227951,4.629454071001663,1.0
4.939273806392461,8.196478292292362,1.0
3.022425458176417,4.055693571783417,1.0
6.528150040484137,3.4631105403819578,1.0
4.595981832458259,4.744603417193103,1.0
5.796665048024781,4.580046786448345,1.0
6.2345441472988234,8.245723561881574,1.0
4.480117828392859,6.265501285771144,1.0
8.132806672345971,2.683519069971161,1.0
5.253830679577635,2.7411673813851327,1.0
4.841951599256762,5.674015818430165,1.0
4.164579679880115,3.6431001078452985,1.0
4.834893825212388,7.7414169961155626,1.0
5.028686097625163,4.442400952477874,1.0
7.516200919526771,2.530376647665389,1.0
6.277767285855598,6.803541779148016,1.0
5.867154128198482,4.674998182261934,1.0
0.4147955889741386,4.3707185938857505,1.0
4.500872596381658,3.676663603483749,1.0
6.02365600658973,5.585755893102861,1.0
4.903660299477705,2.0189309473921693,1.0
6.1377425615875545,8.847675134614157,1.0
4.139359584273905,5.146295909036324,1.0
6.218024479627453,3.113935960819301,1.0
5.269569065778125,5.289785194786401,1.0
6.248808135894364,4.002548950252097,1.0
4.731017917018631,3.341937829124272,1.0
6.04939943639302,6.377156374947932,1.0
3.6413007877511037,4.667445530645486,1.0
4.291427229190741,7.44409685927522,1.0
7.018935686658338,3.975215837843524,1.0
6.933214719991933,4.375830384225612,1.0
6.5268292121946025,4.803884086996932,1.0
6.7056103212128315,7.579157895973562,1.0
4.910480418044587,5.4017257760611646,1.0
6.072239494721771,4.777361441872727,1.0
6.907713449265131,5.401252100985382,1.0
7.548424596173482,3.9872978807288835,1.0
3.8305675556614167,6.540820610716327,1.0
6.946881398123804,4.491827019974798,1.0
5.04064107320556,3.901965372316273,1.0
4.354923621227281,6.284861678289566,1.0
3.5272656270198604,6.274301036474183,1.0
4.435963410023806,6.246270911488775,1.0
3.305120853372547,5.945781892645074,1.0
6.9917707975178836,6.33768011913017,1.0
3.3419841514492328,3.6331024438167474,1.0
5.4915819465897835,3.600639584312542,1.0
4.216568433016021,5.96371864839213,1.0
2.7676507937563923,5.587415166942175,1.0
5.466347394775512,7.936285037446382,1.0
4.241197437459514,2.1641310115145664,1.0
4.161460986607157,6.308917446780085,1.0
6.615232283139399,5.909094383836372,1.0
4.969851901871308,6.134550517526614,1.0
5.866571307968954,4.533872190227128,1.0
3.8370209880877217,4.97323825649234,1.0
4.488813542186813,6.233232399215327,1.0
6.78453012701236,6.247377192431236,1.0
6.3856203122666635,3.373014509287417,1.0
6.279575720391401,2.5278779310117163,1.0
3.987819499723539,6.272825181465967,1.0
3.581212329155366,5.945671058081012,1.0
6.841088169636638,5.245142527020421,1.0
4.143686240883567,4.8785556225853375,1.0
7.0299712882180945,4.536912182347053,1.0
7.964449764972783,3.405746498650688,1.0
6.332041266242564,2.2348868988379653,1.0
4.680930248824673,4.374817904291949,1.0
6.159209153684287,5.29958729949297,1.0
4.8360772063787,3.669122635397642,1.0
5.504516351403226,6.923641721783444,1.0
5.2130908712932165,8.514282709373932,1.0
5.281845334064167,6.411778703380316,1.0
6.054195369453433,3.586625787182502,1.0
4.195308819219372,6.7207223464827335,1.0
5.356044139863955,5.745921041109286,1.0
6.904299440784376,4.855908103827463,1.0
6.175358199450241,6.097147697947039,1.0
4.217994508587992,6.947590673968038,1.0
3.9599291719323215,3.1662481143144605,1.0
5.46009863495731,5.083427623550488,1.0
1.2698436992588467,2.643833439221491,1.0
4.87576060637422,3.2964182322664746,1.0
4.751545937826991,5.590607787475371,1.0
5.915279148984596,4.631272647770598,1.0
8.303078882269986,5.400422961685168,1.0
4.761665696571709,5.921933457740467,1.0
4.954005520410169,6.39472767150857,1.0
8.482173105825598,2.437358405124159,1.0
7.087496142504454,5.66198433432331,1.0
5.466882944135605,5.4718248327431755,1.0
3.6331709925380515,4.895508559814813,1.0
6.3480912138821735,4.987017803182456,1.0
5.031707956965275,2.5015360871150003,1.0
6.596950204590178,6.038830974089188,1.0
4.649823305594957,5.418234198689676,1.0
4.3879765411142335,3.2890430481762074,1.0
5.954773449648986,4.620561916527122,1.0
5.637654872557441,5.580858067815785,1.0
5.016803668317231,4.673274126173166,1.0
7.7147349326728385,5.180353392216301,1.0
2.7377210427987104,5.7380786828131205,1.0
4.95914013276794,6.094921275282146,1.0
3.924697563745539,5.151997048727756,1.0
4.245501183906404,5.980727539326487,1.0
4.562379076499167,7.338104001924754,1.0
8.1393919812027,6.599024609653633,1.0
7.582664924437431,4.802740118859003,1.0
1.7376424518967029,3.527987583117949,1.0
5.065306139193899,5.5789681159456475,1.0
5.401206066938313,4.521856444244377,1.0
3.8640053972146133,4.84255832421723,1.0
5.12503238382072,3.8667545969164916,1.0
3.6595868836739855,7.866498193251945,1.0
4.464063923418635,6.062412171435099,1.0
4.8750373963249665,5.624426749857711,1.0
7.480443578999717,4.321021969642704,1.0
5.154388804412905,2.5469749437309632,1.0
6.467589727051883,6.164355251235776,1.0
2.046001162188198,4.516338263464763,1.0
5.091223877698129,4.522451573656265,1.0
6.510273855370273,6.962504527476343,1.0
5.0004742298822835,6.828776948099758,1.0
3.638976838381838,4.679370678531149,1.0
3.87007059984776,6.526224641725467,1.0
4.891838753300586,3.315294309749228,1.0
5.384490361838215,5.079809135833708,1.0
5.957019251444258,7.534530798453892,1.0
2.6436494461128164,5.523033843994011,1.0
5.652865079388289,4.804317915256855,1.0
6.609195067993783,5.1777425752965405,1.0
5.506174615363206,6.351015684958728,1.0
5.748345231142139,3.730300932009155,1.0
7.9147817666320375,6.60654046604431,1.0
3.848952058168548,6.00686663618448,1.0
4.407111976263982,5.911342244340259,1.0
3.7229037073521587,5.472838473523943,1.0
4.291310818405913,4.151828668676915,1.0
5.00799193375695,4.021569604758923,1.0
4.078085529428958,4.450460821977299,1.0
3.5568911630336357,5.4529172259046605,1.0
6.017575657930414,2.8254197304513364,1.0
5.631827092478484,4.93058351566875,1.0
3.5920666968833,5.853293957626519,1.0
3.4211040641503665,3.6854305956843367,1.0
4.929045191743117,3.232831666726794,1.0
4.3006888209523595,5.70582681265751,1.0
5.630818921896657,6.813695321540631,1.0
4.699068757290449,5.9181119279383925,1.0
4.068363375841287,7.504575161905684,1.0
2.524302071774544,5.758448658158379,1.0
6.871587373365912,8.174192224702908,1.0
5.421451952215125,6.180996558878087,1.0
3.8996246501115737,4.53242209521927,1.0
2.2889114732495304,3.0126876871212294,1.0
2.993163373609103,4.531208057681211,1.0
5.614111364706613,3.6612447049023213,1.0
3.7365746770750334,5.0969044703613156,1.0
6.214337037538168,5.293060832013434,1.0
5.293132103166435,4.270004265999102,1.0
7.821760561451146,4.873983216356649,1.0
5.107745030998449,5.43129985253264,1.0
2.8400656801003312,6.925809824909917,1.0
3.343272396625475,6.5142684356282405,1.0
7.274079823736067,4.357414294310573,1.0
6.456616777390563,3.785008141508161,1.0
6.84424998485151,2.351272302448689,1.0
4.3522834117311415,3.310745422526426,1.0
3.5490521640220645,5.424196700360197,1.0
5.093569035388297,5.808143572092197,1.0
2.454286534800747,5.068645784833225,1.0
6.513711448225688,7.543904570612416,1.0
2.8660053942825856,6.155774997971199,1.0
2.253812067969132,5.572298655715952,1.0
5.151604193415191,5.048737873657788,1.0
3.5298081881461894,7.721550149970283,1.0
4.840645432668307,5.586646929692936,1.0
1.9493076941138092,4.428251128356521,1.0
4.450697410504027,7.242902023295382,1.0
5.1052551262262815,4.0104482250624,1.0
6.878989290478068,0.05438292857695348,1.0
8.497302299680767,6.796687259963406,1.0
5.882522743709647,5.517103922907033,1.0
5.285621253219952,4.021186824033407,1.0
6.482530412543403,6.6019916037639925,1.0
2.9890740521718744,5.503812389795479,1.0
3.112161593021343,4.938639190411626,1.0
5.5933083300680755,5.411446377385412,1.0
4.70697497967134,3.9938488613305667,1.0
6.341226956449754,5.284106581320798,1.0
6.087473168234448,3.245041651281582,1.0
7.526177077788837,5.198860521373432,1.0
5.409645410319953,5.255947863274236,1.0
4.123422245799847,3.829948971126842,1.0
7.216334813998838,7.2904596018690935,1.0
7.205701500949738,2.4378151839890623,1.0
5.090056981433584,3.938218422852704,1.0
4.47847220141378,3.7257740817432072,1.0
4.076168796382911,3.515237150192733,1.0
4.994266977341283,7.391272391314456,1.0
1.1536257671956585,4.712397137958418,1.0
5.1041451118596575,6.240777393386407,1.0
7.238207238222987,4.716149141380085,1.0
8.070852601265049,3.6000188415493373,1.0
6.37399009596543,4.0927298174158135,1.0
4.416519120151939,5.477300915200587,1.0
3.04904358051237,4.398866355196674,1.0
5.08913856260243,5.95697692625289,1.0
3.8444766471335265,5.645067191339488,1.0
4.287755814001832,6.832387944360872,1.0
6.3437750877347625,6.938024447653871,1.0
6.234799822579979,5.117729227310171,1.0
6.803707791587453,3.127104681191545,1.0
4.466788862549782,3.444925771903932,1.0
5.658979877911092,4.043340732631224,1.0
1.9801795520124301,7.158152050534243,1.0
